Name,DNA Sequence
BBa_J435361,ggtgcttaataaggatcctagcataaccccttggggcctctaaacgggtcttgaggggttttttg
BBa_J435229,agtgcttttaactaagaattattagtcttttctgcttattttttcatcatagtttagaacactttatattaacgaatagtttatgaatctatttaggtttaaaaattgatacagttttataagttactttttcaaagactcgtgctgtctattgcataatgcactggaaggggaaaaaaaaggtgcacacgcgtggctttttcttgaatttgcagtttgaaaaat
BBa_J435230,ataaagcaatcttgatgaggataatgatttttttttgaatatacataaatactaccgtttttctgctagattttgtgatgacgtaaataagtacatattactttttaagccaagacaagattaagcattaactttacccttttctttctaagtttcaatattagttatcactgtttaaaagttatggcgagaacgtcggcggttaaaatatattaccctgaacga
BBa_J435231,tcaagaggatgtcagaatgccatttgcctgagagatgcaggcttcatttttgatacttttttatttgtaacctatatagtataggattttttttgtcattttgtttcttctcgtacgagcttgctcctgatcagcctatctcgcagctgatgaatatcttgtggtaggggtttgggaaaatcattcgagtttgatgtttttcttggtatttcccactcctcttcagagtacagaagattaagtgaga
BBa_J435371,ggatccgaattcgagctccgtcgacctagcataaccccgccgggcctcttcgggggtctggcggggttttttgctgaaagaagcttcaaataaaacgaaaggctcagtcgaaagactgggcctttcgttttatctgttgtttgtcgctgcggccgcactcgagcaccaccaccaccaccactgagatccggctgctaacaaagcccgaaaggaagctgagttggctgctgccaccgctgagcaataactagcataaccccttggggcctctaaacgggtcttgaggggttttttgctgaaag
BBa_J428091,aatcacactggctcaccttcgggtgggcctttctgcgtttata
BBa_J435228,agcttttgattaagccttctagtccaaaaaacacgtttttttgtcatttatttcattttcttagaatagtttagtttattcattttatagtcacgaatgttttatgattctatatagggttgcaaacaagcatttttcattttatgttaaaacaatttcaggtttaccttttattctgcttgtggtgacgcgtgtatccgcccgctcttttggtcacccatgtat
BBa_J435263,gccaattggtgcggcaattgataataacgaaaatgtcttttaatgatctgggtataatgaggaattttccgaacgtttttactttatatatatatatacatgtaacatatattctatacgctatagagaaaggaaatttttcaattaaaaaaaaatagagaaagagtttcacttcttgattatcgctaacactaatggttgaagtactgctactttaattttat
BBa_J428092,aaccaggcatcaaataaaacgaaaggctcagtcgaaagactgggcctttcgttttatctgttgtttgtcggtgaacgctctctactagagtcacactggctcaccttcgggtgggcctttctgcgtttata
BBa_J428068,aatcggtcagtttcacctgatttacgtaaaaacccgcttcggcgggtttttgcttttggaggggcagaaagatgaatgactgtcc
BBa_J435275,acagatgacgggagacactagcacacaactttaccaggcaaggtatttgacgctagcatgtgtccaattcagtgtcatttatgattttttgtagtaggatataaatatatacagcgctccaaatagtgcggttgccccaaaaacaccacggaacctcatctgttctcgtactttgttgtgacaaagtagctcactgccttattatcacattttcattatgcaacgcttcggaaaatacgatgttgaaaat
BBa_J435274,atgtgcttttgtttatttcctatttggttattcacacatattttctttcttccgtctattaaaatattcatatttattttttatttatacatatatatttatttattagtcactcagttcgtcaacgtggttgttcttccatcatgatttttcttatctcattatcgtggttttcattatctt
BBa_J428069,aagtaatcgttaatccgcaaataacgtaaaaacccgcttcggcgggtttttttatggggggagtttagggaaagagcatttgtca
