1)terminatorId,5)sequence
RDBECOLITMC00001,agcgtcaaaaGGCCGGATTTTCCGGCCttttttatta
RDBECOLITMC00002,gataaatcagAAACATAAAGGCGCTTTCGGGTGCCTTTATTATTTccagtgaaac
RDBECOLITMC00003,taccaccgtcAAAAAAAACGGCGCTTTTTAGCGCCGTTTTTATTtttcaacctt
RDBECOLITMC00004,ctgatgaaaaGGTGCCGGATGATGTGAATCATCCGGCACtggattatta
RDBECOLITMC00005,tagcaacaaaAAAGCCGACTCACTTGCAGTCGGCTTTctcattttaa
RDBECOLITMC00006,tctgaatgcgTGCCCATTCCTGACGGAATGGGCAtttctgcgca
RDBECOLITMC00007,atctctctacGCCCTCACCCGTACAGGGTGAGGGCaataatcttt
RDBECOLITMC00008,gattttatgaAAAACGGCCTGCGGGCCGTTTTgttttgtctg
RDBECOLITMC00009,ttctgtgctgTGCCATTGCCGCCAGCGCAttaatttcca
RDBECOLITMC00010,tgtggctcgaCGCATCTTCCTCATTCTTCTCTCCAAAAACCACCTCATGCAATATAAACATCtataaataaa
RDBECOLITMC00011,tgcttgattaAAAAGGCGCTACTCGGCATGGGGAAGCGCCTTTTttataggtgt
RDBECOLITMC00012,tgatcatcaaGGCTTCCTTCGGGAAGCCTttctacgtta
RDBECOLITMC00013,atgaatgaacAAAACCCTCTGTTACTACAGAGGGTTTTttatcttcaa
RDBECOLITMC00014,gatctaactaAAAAGGCCGCTCTGCGGCCTTTTTtcttttcact
RDBECOLITMC00015,ggttacgcacCGGTTCGGGGCTGTTTTCCAGCACCACTTCCGGCAACAATGCCACGCCACAGCCGAGTGCCAccatcgatac
RDBECOLITMC00016,ttatataaagCCCCGATTTATCGGGGttttttgtta
RDBECOLITMC00017,cagaataactGGGCTTTAGGCCCtttttttatg
RDBECOLITMC00018,atcgaacaaaGGGCCTGCGGGCCCTtttttcattg
RDBECOLITMC00019,gcgcctgaaaGCCTCCCAGTGGAGGCtttttttgta
RDBECOLITMC00020,ccgattatttACGCAAATTTGCGTgccaaaattt
RDBECOLITMC00021,gctgatgccaGAAAGGGTCCTGAATTTCAGGGCCCTTTTTTTacatggattg
RDBECOLITMC00022,aatacaacttGCCGGATGCGGCGTGAATGCTTTATTCGGCATACATAATCAATACGTCGTTTGCAGGCCTGATAAGCGCAGCGCATCAGACATTATTGCGTTGGGCtattaatcgc
RDBECOLITMC00023,gccagttgaaAGAGGGAGCTAGTCTCCCTCttttcgtttc
RDBECOLITMC00024,gtcagcttgaAAAAAGGGGCCACTCAGGCCCCCTTTTctgaaactcg
RDBECOLITMC00025,gtttaacggcTCTGGCGGAGCTCCCAGGCTCCGCCAGAtttatttact
RDBECOLITMC00026,ttcagccaaaAAACTTAAGACCGCCGGTCTTGTCCACTACCTTGCAGTAATGCGGTGGACAGGATCGGCGGTTTTCTTTTctcttctcaa
RDBECOLITMC00027,tgtgaaaaagCCCGCGCAAGCGGGtttttttatg
RDBECOLITMC00028,taaagtatgtATCCCCAAAATAATTCGAGTCATTGCATCTGTGGCTAGAAGTATGAAGGGAttaaccataa
RDBECOLITMC00029,taagacgtggCGCATCAGGCATCGTGCACCGAATGCCGGATGCGgcgtgaacgc
RDBECOLITMC00030,tattttttggGCCGGCATGATGCCGGCttttttttat
RDBECOLITMC00031,actattttctAAAGGCGCTTCGGCGCCTTTttagtcagat
RDBECOLITMC00032,ttacccgcaaAGTGCGCTGCTGCTTAGCAGCGCACTgcttggtggg
RDBECOLITMC00033,cccgcacttaACCCGCTTCGGCGGGTttttgttttt
RDBECOLITMC00034,taatcggatgCAGGCAGGGGAAGTGTCTGTTTACCCTGCCTGgtctgatacg
RDBECOLITMC00035,aagttatgcgAAAATGCCGGTCTTGTTACCGGCATTTTttatggagaa
RDBECOLITMC00036,agtatgcacaCGGGCAGCACGACGCTGCCCGAtttttttgca
RDBECOLITMC00037,tattgattatAAAGGGCTTTAATTTTTGGCCCTTTtatttttggt
RDBECOLITMC00038,agaataaattCAACCGCCCGTCAGGGCGGTTGtcatatggag
RDBECOLITMC00039,cgttgcacaaGGCGTGAGATTGGAATACAATTTCGCGCCttttgttttt
RDBECOLITMC00040,aattattggcAAAAGGCAACCACAGGCTGCCTTTTtctttgactc
RDBECOLITMC00041,agtaaaacccATGCCGGATGCGCCAGCATCCGGCATAAtaccgattac
RDBECOLITMC00042,gcccggaccaGGCCGCAGGGGGGAAACTCTGCGGCCTTTTTcgttcttact
RDBECOLITMC00043,cttgaaaaatAAAGTATTAGCGTTCTGCGTTAAGACTTTtttcatgggt
RDBECOLITMC00044,tacttcttacTCGCCCATCTGCAACGGATGGGCGAatttataccc
RDBECOLITMC00045,gcactgatatAACGGGCCTGATGGCCCGTTttagtgtttg
RDBECOLITMC00046,agaaaagacaAAATGACAGCCCTTCTACGAGTGATTAGCCTGGTCGTGATTAGCGTGGTGGTGATTATTATCCCACCGTGCGGGGCTGCACTTGGACGAGGAAAGGCTTAGAGATCAAGCCTTAACGAACTAAGACCCCCGCACCGAAAGGTCCGGGGGTTTtttttgacct
RDBECOLITMC00047,cccaatgactACTTCCATGCTCAACGCAAAACTACTACCAACTGCGCCATCCGCCGCAGTGGTCGTCGTGCGTGTGGTGGTGGTCGTCGGCAATGCGCCGTAGGGACTGGAACAACACACGATTCCAAAACCCCGCCGGCGCAAACCGGGCGGGGTTTttcgtttaag
RDBECOLITMC00048,cacagaatctAAGATCCCTGCCATTTGGCGGGGATTTTtttatttgtt
RDBECOLITMC00049,tcagatacccAGCCCGCCTAATGAGCGGGCTtttttttgaa
RDBECOLITMC00050,aacgcatgagAAAGCCCCCGGAAGATCACCTTCCGGGGGCTTTtttattgcgc
RDBECOLITMC00051,ggaaacacagAAAAAAGCCCGCACCTGACAGTGCGGGCTTTTTTTTTcgaccaaagg
RDBECOLITMC00052,tttaatatgaCACCGGACTCCGTTCCTCGATGGGGTCCGGTTGttttattcac
RDBECOLITMC00053,gtataaaattCGACTGGCAAATCTGGCACTCTCTCCGGCCAGGTGAACCAGTCGtttttttttg
RDBECOLITMC00054,gctcataagtAAAAAACGGCACCTGGTGCCGTTTTTTtgtctgaaac
RDBECOLITMC00055,ctcggtaccaAATTCCAGAAAAGAGACGCTGAAAAGCGTCTTTTTTCgttttggtcc
RDBECOLITMC00056,atcaaataatGCCTGATAGCACATATCAGGCgttgtcctca
RDBECOLITMC00057,ctaatcttttCAACGCCTGGCACTGCCGGGCGTTGTTCTTTTTaacttcaggc
RDBECOLITMC00058,aataagcaatAACGGTACGACAGCTGTGTCGTGCCGTttgttttttc
RDBECOLITMC00059,caaaataacaAAACCCACCTTAAGGTGGGTTTcgccagagaa
RDBECOLITMC00060,gtgaagtaatACAAAACAGGCCCAGGCGGCCTGTTTTGTctttttaatg
RDBECOLITMC00061,acccattcccAGCCCCTCAATCGAGGGGCTtttttttgcc
RDBECOLITMC00062,ctcctgtgacCAGGCAGCGAAAAGACATGAGTCGATGACCGtaaacaggca
RDBECOLITMC00063,accgtaaacaGGCATGGATGATCCTGCCataccattca
RDBECOLITMC00064,ggctggaaaaCCTGGCTCGTATGCGTAAGCAGGacattatttt
RDBECOLITMC00065,tctggtaagaTTCGCCCGCCGAAAGAAGGTGAAcgctattttg
RDBECOLITMC00066,cgtctgcgtaTGGAACGTGGTAACGGTTCTActgaagattt
RDBECOLITMC00067,tggtgatataAAAAATCCGCCTCTCGGGGCGGATTTTTgtttttaagg
RDBECOLITMC00068,atgtgtgaccTCAAAATGGTTCAATATTGACAACAAAATTGTCGATCACCGCCCTTGAtttgcccttc
RDBECOLITMC00069,gcagtcaaacAAAAAACCCGCGCCATTGCGCGGGTTTTTTtatgcccgaa
RDBECOLITMC00070,aaaactccagGCCGGGTACGGTGTTTTACGCCGCATCCGGCattacaaaat
RDBECOLITMC00071,ctcaccctaaCCCTCTCCCCAGAGGGGCGAGGGgaccgaccga
RDBECOLITMC00072,actgatttttAAGGCGACTGATGAGTCGCCTTttttttgtct
RDBECOLITMC00073,ccgccttcacAAATGCCGCCACTCAAACAGAGCGGCATTTttcttccccg
RDBECOLITMC00074,ctttcttttgCAGCAGACTGGCAGGAGTGCGAGTCTGCTcgcataatca
RDBECOLITMC00075,aagtcgcaccAAAGGGGAGCGGGAAACCGCTCCCCTTTtatatttagc
RDBECOLITMC00076,aggcgactgaCGAAACCTCGCTCCGGCGGGGTTTTTTgttatctgca
RDBECOLITMC00077,gaaccacctcCTTAGCCTGTGTAATCTCCCTTACACGGGCTTATTTTTTacgcgtaata
RDBECOLITMC00078,ccggctcattGCAGCGAAATAATCCTCTCTTTATCTGCtatacctggt
RDBECOLITMC00079,tttaaagagcAAACCCCTCAAACGAGGGGTTTtttgttgttt
RDBECOLITMC00080,taatcgcctcGCCCCGGTATCGTGCCGGGGCtttttcactt
RDBECOLITMC00081,aggaaagtaaGTGCCGGATATGAAATCCGGCACctgtcagact
RDBECOLITMC00082,ttagtgcccaGGGTTCCCTCTCACCCTAACCCTCTCCCCGGTGGGGCGAGGGGACTgaccgagcgc
RDBECOLITMC00083,gcgtaaaaaaGCACCTTTTTAGGTGCttttttgtgg
RDBECOLITMC00084,gtttctcgcgCAGGCGCTGAAAATAGCGCCTGtttttatttc
RDBECOLITMC00085,ctctttgacgGGCCAATAGCGATATTGGCCATTTTTTTagcgcaacat
RDBECOLITMC00086,caggcatcaaATAAAACGAAAGGCTCAGTCGAAAGACTGGGCCTTTCGTTTTATctgttgtttg
RDBECOLITMC00087,caaattaagcAGAAGGCCATCCTGACGGATGGCCTTTTtgcgtttcta
RDBECOLITMC00088,cgcccctgccAGAAATCATCCTTAGCGAAAGCTAAGGATTTTTTTTatctgaaata
RDBECOLITMC00089,cttattccatAACAAAGCCGGGTAATTCCCGGCTTTGTTgtatctgaac
RDBECOLITMC00090,tgaacaacatCGCGCTTATCGTTAAGGTAAGCGCGTATTTTTTTtacccgccag
RDBECOLITMC00091,cgcagatagcAAAAAAGCGCCTTTAGGGCGCTTTTTTacattggtgg
RDBECOLITMC00092,gcagatagtaAAAAAGCGCCTTTAGGGCGCTTTTTtacattggtg
RDBECOLITMC00093,gcctttcaaaAGTAAGCAACGTCTGCTTACTgcccctctac
RDBECOLITMC00094,cctctacctgCTTCGGCCGATAAAGCCGACGataatactcc
RDBECOLITMC00095,aatcgcgttaCGGGGAGGAAGTTTTTTCAGATACTCCCggaacgcctg
RDBECOLITMC00096,ccgtattaccCCGCGCCGGGAATGCGCGGccgccaattt
RDBECOLITMC00097,aataatttccGCGTCATGCTTCACGCCGCAGATGCgttggctgcg
RDBECOLITMC00098,gtcagtcgtcAGACGCCGGTTAATCCGGCGTTTTTTTtgacgcccac
RDBECOLITMC00099,atcaaaaaggAGCCGCCTGAGGGCGGCTtctttttgtg
RDBECOLITMC00100,gtgaattgtaGCTGACCTGGGACTTGTACCCGGGTCGGTATTTTTTTGCTTctggtcccgg
RDBECOLITMC00101,aattgattcgTACGACGCCGACTTTGATGAGTCGGCTTTTTTTtgcctgttat
RDBECOLITMC00102,tagcgtaaaaGCAAAACACAAATCTATCCATGCAAGCATTCACCGCCGGTTTACTGGCGGTTTTTTTTcgccgtcata
RDBECOLITMC00103,ccctcacctaACCGGCCCCTTGTTACAGTTGTGTACAAGGGGCCtgatttttat
RDBECOLITMC00104,ctgaaatatcCAGCGGATCAAGAAAATTCGTTGgatatttttt
RDBECOLITMC00105,atattctgaaATATCCAGCGGATCAAGAAAATTcgttggatat
RDBECOLITMC00106,ggcaataactCTTTTCGCCGAGCAGGATGCTCGCGAAAAGAaactgtgatt
RDBECOLITMC00107,gtattcgcgcACCCCGGTCTAGCCGGGGTCATTTTTTagtggctttt
RDBECOLITMC00108,agcaggaaagAGTAAGGCTGAACCTTCATGTTCAACCTTACtctcatttac
RDBECOLITMC00109,taaagaaactCGCCGGATGAAAAGTCATCCGGCGtcatattact
RDBECOLITMC00110,ccaattattgAACACCCTAACGGGTGTTTTTTTGTTTctggtctccc
RDBECOLITMC00111,ccataaaaaaGCGCCATTCAGCGCCTTTTTAtcatcccctt
RDBECOLITMC00112,taatcccacaGCCGCCAGTTCCGCTGGCGGCATTTTaactttcttt
RDBECOLITMC00113,aagataattgCATCTGCGGGCCGTATGGCTCGCAGTGATTTcactggagaa
RDBECOLITMC00114,taccatgtccTTATTGACCCCGTATATTACGGGGTCGTTTTtgtgcggaat
RDBECOLITMC00115,tgttctcctcAGGAAAATCATAGTAGCATCGCGCCTGTGATTTTCCTTTTaagtcggttt
RDBECOLITMC00116,acaagaaatcCGCAAAATGATTCGGCAACGTCGTCGTGCGTTAACGCCGGAACAACAGCaggaaatggg
RDBECOLITMC00117,ggcaatcgggGGAACTGGGAGGCCAGTGGCAAGAAAGTAAATCACTTTTTTACCACTGGTCTTCTGCTTTCaggcgcttgt
RDBECOLITMC00118,ggcactaacgCAAAAGGGAACCTGATGGTTCCCTTTTTcacatcattg
RDBECOLITMC00119,gcgggttttcATTTAACGTGACACTGTCACTTAAATactgtgattt
RDBECOLITMC00120,ctgcataaaaAAATAGAGTCTGTCGACATCCGCCAGACTCTAcagtacacac
RDBECOLITMC00121,gcattaaaaaTGCCTGGTAAGCACCCGCTTACCAGGCAacgcatcaag
RDBECOLITMC00122,tctttaaaaaGAAACCTCCGCATTGCGGAGGTTTCgccttttgat
RDBECOLITMC00123,aataaacagaGCCGCCCTTCGGGGCGGTTTTtttacatggc
RDBECOLITMC00124,gcacttgcttAAAATCCCGCCAGCGGCGGGATTTTttattgtccg
RDBECOLITMC00125,tgtgtaattcATTTGCTTGCCGGAAGCAAAATAACCGGCAAGCAAATagttgttact
RDBECOLITMC00126,tagagaaaggACTGACGGATGCCCGTTCGCATCCGTCAGTattgcaggac
RDBECOLITMC00127,tcttgaacgaCAAAAACGCCGCTCAGTAGATCCTTGCGGATCGGCTGGCGGCGTTTTGCTTTTTATTctgtctcaac
RDBECOLITMC00128,gctggaaagtAAAAAACCGACGCAAAGTCGGTTTTTTTacgtcctgat
RDBECOLITMC00129,gctggaaagtAAAAAACCGACGCAAAGTCGGTTTTTTTacatccggat
RDBECOLITMC00130,gaaacgtaatTAAGGGCTAAGAGCACACTACTCTTAGCCCTTTAACATttaacgcatt
RDBECOLITMC00131,tcacactttcATCTCCCGGTTTTTTCGCCGGGAGAttttcctcat
RDBECOLITMC00132,aagtgaacatCTCCAGGCGGTCGTTCGACCGCCTGAGTtttatctttt
RDBECOLITMC00133,gctcataagtAAAAAACGGCACCTGGTGCCGTTTTTTtgtctgaaac
RDBECOLITMC00134,atgacagatgCCCTCTTCCCGCAGGGAAGAGGGttaaataagg
RDBECOLITMC00135,gtgcgctcaaAACAAAAAACCGGAGTCTGTGCTCCGGTTTTTTATTatccgctaat
RDBECOLITMC00136,cgttaatgtcGTAAACCGGGCATCAGGCTTACGTGTGATGTCCGGTTAACtcgtggtatg
RDBECOLITMC00137,cggttaactcGTGGTATGCTGCTGCCGTTCCCttttttaatg
RDBECOLITMC00138,tgagagtgaaGCCTGATCAGGGTTAGCCGATCAGGCTtttttattgc
RDBECOLITMC00139,tagtaggagtGCCACCTTCCTTTTCAATAGTGGcggtaatttt
RDBECOLITMC00140,tcggggagctACGTAAGAACGGTTACACTCTCCCATCAATCGTAATGGGTCTGAGGAGTAATCATTTTCGTttataaaata
RDBECOLITMC00141,accgcgctaaGCGCCCCTGGCAGGGGGCGCaggaaacgcc
RDBECOLITMC00142,gtggattatgTTCAGCGCGAGCTGGCAGACGGTAGCCGTACCGTTGTCGAAACCGAACACTGGTTAGCCGTCGTGCCTTACTGGGCTGCCTGGCCGTTCGAAACGCTACTGCTGCCCAAAGCCCacgttttacg
RDBECOLITMC00143,cctgccactcACACCATTCAGGCGCCTGGCCGCGTGAATTTGATTGGTGAACACACCGACTACAACGACGGTTTCGTTCTGCCCTGCGCgattgattat
RDBECOLITMC00144,tgtaagaaatGAGTCTGAAAGAAAAAACACAATCTCtgtttgccaa
RDBECOLITMC00145,gctgatggacTGGGGTGCGACTTTACTTTCCGCCCGTATTCCGCTTTCCGATGGCAGCGTCCGCGAGGCGCTGCTCGGCTGTGCCAGCCCGGAATGCTATCAGGATCAGGCCGCGTTTCTGGGGGCCTCTATTGGTCgttatgccaa
RDBECOLITMC00146,agggctttatCTCATAttgttcaaat
RDBECOLITMC00147,atttccccgtAAAGCGGCAACTTTATTGAGTTGCCGCTTTtttattccgc
RDBECOLITMC00148,tatgccgccaCTCCTAAGACTGCCCTGATTCTGGTAACCATAATTTTAGTGAGgtttttttac
RDBECOLITMC00149,tctggttattCTTCATACACCGCAGAGATGTTACATTGATGCGGTGTATTAGtttttgccgc
RDBECOLITMC00150,atcccccttcAAGGCGCTGCATCGACAGCGCCTTttctttataa
RDBECOLITMC00151,tctgccctctGGCCCGGTGCAAGCCGGGCCtgtagacgcc
RDBECOLITMC00152,ttgtaaaaaaCCCCGCTCCGGCGgggttttttg
RDBECOLITMC00153,acgacacaatGCCCGGTGAATGAGATTCCCGGGCatttttttat
RDBECOLITMC00154,gaaaaacgacCGTACCGGAACCGGAACGCTTTCCATTTTTggtcatcaga
RDBECOLITMC00155,cctgccagagCCGACGCCAGTGTGCGTCGGtttttttacc
RDBECOLITMC00156,tctcaagcgaATCCGCAATCAAATATTCTGCCCATgcggggaagg
RDBECOLITMC00157,accccagccaCATTAAAAAAGCTCGCTTCGGCGAGCTTTTTGCTTTTCtgcgttcatt
RDBECOLITMC00158,ccaaataagaTAAGGGGTTAGCTAAATGCTAACCCCTTtttcttttgc
RDBECOLITMC00159,tttgcctgtcGAAATTCTCAGGGCGTTATATTTGcttaatgacc
RDBECOLITMC00160,caatgcgcacTAAAAGGGCATCATTTGATGCCCTTTTTgcacgctttc
RDBECOLITMC00161,tttaaagaagAGCTCGTACGAAAGTGCGAGCTTTTTTTTcgcattttat
RDBECOLITMC00162,tgttctgattAAAAAGGCGCTTCGGCGCCTTTTcagtttgctg
RDBECOLITMC00163,cgccgaccaaTTTTGAACCCCGCTTCGGCGGGGTTTTTTgttttctgtg
RDBECOLITMC00164,tgactttcgcCGGACGTCAGGCCGCCACTTCGGTGCGGTTACGTCCGGCtttctttgct
RDBECOLITMC00165,ttctgaatctAAAAAGCGCCTGCGGGCGCTTTTTTtgtctccctt
RDBECOLITMC00166,atcgaataacTAATACGGTTCTCTGATGAGGACCGTTTTTTTTTgcccattaag
RDBECOLITMC00167,taatcccgtcGGAGTGGCGCGTTACCTGGTAGCGCGCCATTTTgtttcccccg
RDBECOLITMC00168,gccgtctgccCCGCCGCCGCCATTTGGGCGGCTTTTTgttttttata
RDBECOLITMC00169,taataccgtcCTTTCTACAGCCTCCTTTCGGAGGCTGTTTTTTTatccattcga
RDBECOLITMC00170,taagttgtaaATATTTTAACCCGCCGTTCATATGGCGGGTTGATTTTTatatgcctaa
RDBECOLITMC00171,cgtgtaaaaaGATAAACGGCAGGAGATAATATCCTGCCGTTTTTTatttatgctg
RDBECOLITMC00172,aaaatgagttCAGAGAGCCGCAAGATTTTTAATTTTGCGGTTTTTTTgtatttgaat
RDBECOLITMC00173,ggcaccactaATTCTTAAGAACCCGCCCACAAGGCGGGTTTTTgcttttggat
RDBECOLITMC00174,ttgtcagcaaCTGTAACGCAGAAGGTTATCCTTCTGCGTTTTTgtttaattag
RDBECOLITMC00175,taagtcttgtACTGAGTGGCCGACAGATCGTCGGCCACATTATTTTTTacgtcgacga
RDBECOLITMC00176,taacaaaagtAAAGAAGGCGACACCATGCGACTATGGGTCGCCTTTATTTTTTccccgttgta
RDBECOLITMC00177,gtgtaacgttGCCGGATGCGGTGCTGCGCACCTTATTTggcctaaaaa
RDBECOLITMC00178,acgctgtaatCTTCCTGTCCAGCACGCCGCGCCATTTCGGCGTGCTGACTTTTTactcccgctt
RDBECOLITMC00179,gtatgaagacTCCGTAAACGTTTCCCCCGCGAGTCAAATGTATGTTGAtgttatttct
RDBECOLITMC00180,cgacccaccaATGTAAAAAAGCGCCCTAAAGGCGCTTTTTTGCTAtctgcgatac
RDBECOLITMC00181,cgacccaccaATGTAAAAAAGCGCCCTAAAGGCGCTTTTTTGCTAttcaggcatc
RDBECOLITMC00182,cgacccaccaATGTAAAAAAGCGCCCTAAAGGCGCTTTTTTGCTAtctgcgattt
RDBECOLITMC00183,accgccatatTTAAAGAAGAGCTCGTACGAAAGTACGGGCTTTTTTTTCGtatattgcac
RDBECOLITMC00184,accgccatatTTAAAGAAGAGCTCGTACGAAAGTACGGGCTTTTTTTTCGtatattgcac
RDBECOLITMC00185,accgccatatTTAAAGAAGAGCTCGTACGAAAGTACGGGCTTTTTTTTCGtgtattgcac
RDBECOLITMC00186,accgccatatTTAAAGAAGAGCTCGTACGAAAGTACGGGCTTTTTTTTCGtatattgcac
RDBECOLITMC00187,caataagcagTGTCGTGAAACCACCTTCGGGTGGTTTTTTTGTGcctgcaactt
RDBECOLITMC00188,cgggtttttaACATCTTAAGCGCCCTCGACCTTTATGGTTGAGGGCGTTTTGCTATGaacgccatca
RDBECOLITMC00189,aaaaataaaaATTATTTTTACCCGGTTACCTTGTAAAAAAGTGACCGGGTTTTTTGATTtctgtgtttc
RDBECOLITMC00190,ccaaaaatccCAAGAAAAAACCAACCCTTACGGTTGGTTTTTTTATAtctgcaatta
RDBECOLITMC00191,tagctccaccAAATTTCCAACCCTCGCTGCAAAGCGGGGGTTTTTTGTCTctgctttttg
RDBECOLITMC00192,gggccaccagATATAGCAAAGGCTGACGAGAAATCGTCAGCCTTTTTCTTTTtatatatcag
RDBECOLITMC00193,tcaccgaccaAATTCGAAAAGCCTGCTCAACGAGCAGGCTTTTTTGCATctgcagctca
RDBECOLITMC00194,tcaccgaccaAATTCGAAAAGCCTGCTCAACGAGCAGGCTTTTTTGCATctgcagctca
RDBECOLITMC00195,gggcaccaaaTTCATATAAACGGACCTCCACGGAGGTCCGTTTTTCGTTTcaggacgcca
RDBECOLITMC00196,gcaccaaaagTATGTAAATAGACCTCAACTGAGGTCTTTTTTTATGcctgaaatcc
RDBECOLITMC00197,ggagccaaatTCCTGAAAAGCCCGCTTTTATAGCGGGATTTTTGCTAtatctgataa
RDBECOLITMC00198,cataacccttCTCCTTCAAGCCCTCGCTTCGGTGAGGGCTTTACCgttacagccc
RDBECOLITMC00199,tgatgtcaatCAGATTGCTGACAACGTGCGCGTTGTTCATGCCGGAtgcggcgtga
RDBECOLITMC00200,gctcgtcactAAGCGAATTTTAGTTCACATAGACCCTGCTTCGGCGGGGTTTTTTTATGGGCACGgtgcggggtg
RDBECOLITMC00201,aagagtagtcCTTTATATTGAGTGTATCGCCAACGCGCCTTCGGGCGCGTTTTTTGTTGACAGCGtgaaaacagt
RDBECOLITMC00202,ccggattgtcGCCGTCCAGTAAATGATAAAACGAGCCCTTCGGGGCTCGTTTTTGTCTATAAGTTagacggaaaa
RDBECOLITMC00203,cagtaaggccTTCAAGTAGCACTGTCTGTGGAGCCTTCGGGCTTCACAGGCTTTGTTCGCCTTTGTTtcgtttatta
RDBECOLITMC00204,aactgccagaCATCAAATAAAACAAAAGGCTCAGTCGGAAGACTGGGCCTTTTGTTTTATCTGTTgtttgtcggt
RDBECOLITMC00205,ctgatttcccCAGGATAATTATCAAACCCGGTGGTTTCTCGCGACCGGGTTTTTTATTTGTCACGattttgcgtt
RDBECOLITMC00206,catggacaaaGCGCACTTTGTCAGCAATATGAGGCGGATTTCTTCCGCCTTTTTAATCCCTCAACatatacccgc
RDBECOLITMC00207,ttctcccgatTTCCTCAATTGAAATGAACCCGATGATCTGCGCATCGGGTTTTTTATTTCAATTTcgcggcgggt
RDBECOLITMC00208,ggaacctgagGCCTGATAACTGATAAGGGCAGGGCCACTGGCTCTGCCCTTTTGCTATTCTCACCgtaacgaatc
RDBECOLITMC00209,tctccaacgtGAAGTTTGTCAGCTATCTGTAGCCCATCTCTGCATGGGCTTTTTTCTCCGTCAATtctctgatgc
RDBECOLITMC00210,aaaatcatcgCGATAAGCACAAAAAAGGCCATCATACGATGGCCAACCATGTCGAAACCGACAGCccttcgccat
RDBECOLITMC00211,cagctaaaggCGAGTAATTCTCTGACTCTTCGGGATTTTTATTCCGAAGTTTGTTGAGTTTACTTgacagattgc
RDBECOLITMC00212,ggtgagattgTAAGTTCACCAATAAATAGAACGGGGCCAAAGGGTCCCGTTTTTTTCCGCCATCAtttcggaaaa
RDBECOLITMC00213,ttaagtttttTACTCAAACTTGAACGAGAGAAAAGCACCTGTCGGGTGCTTTTTTCATTTCTCTAatctggaact
RDBECOLITMC00214,gccgcaaaggCATAAAAAGTCGATGGCGTTGAATATTTTTTCAGCGCCATTTTTATTGATGCGCGggaaggaaat
RDBECOLITMC00215,agtacatggtTAGTTTATATTTGCAGTCCGGTTTGCTTTGCATACCGGATTTTCTTTTTCTTACCatcctgaagt
RDBECOLITMC00216,tgatacggtgAGGCGCAACATTCCAGCAGCGGTAACGACGTACCGCTGCTTTTTTTTGCCCCAATcgcgcgttaa
RDBECOLITMC00217,gaacagccctTCCACCTGAAATTAATTTTAAAAAGGGGCTAACAGCCCCTTTTTTGTCAGGAGAAtttattatgg
RDBECOLITMC00218,gggcacgacaAAAGAAGGGTAAATAAACGGGAGGCGAAGGTGCCTCCCGTTTTGCTTTCTATAAGatactggata
RDBECOLITMC00219,tttacgcgcaAAAACTAATCCGCATTCTTATTGCGGATTAGTTTTTTCTTAGCTAATagcacaattt
RDBECOLITMC00220,aatagcacacCTCTTTGTTAAATGCCGAAAAAACAGGACTTTGGTCCTGTTTTTTTTATACCTTCcagagcaatc
RDBECOLITMC00221,ttaatccgccTTTGTCATCTTTTATTGCCATAAGCCAGTCGATGCTGGCTTATTTTCTTTGCAGTcaaaatacgg
RDBECOLITMC00222,cggatttggcTGAATATTTTAGCCGCCCCAGTCAGTAATGACTGGGGCGTTTTTTATTGGGCGAAagaaaagatc
RDBECOLITMC00223,gaaattgtcaTTCCATTTACTGATTAATCACGAGGGCGCATTCGCGCCCTTTATTTTTCGTGCAAaggaaaacgt
RDBECOLITMC00224,ccgcatccggCAAGAAGCTATAAGAAAAGGGCGGAGATCATCTCCGCCCTTTTTATTTCTGCAATccgcaattat
RDBECOLITMC00225,tcccgtccgtTCCGCCACTTATTAAGAAGCCTCGAGTTAACGCTCGAGGTTTTTTTTCGTCTGTAtatctattat
RDBECOLITMC00226,acgctcataaATTTGTCTTATGCCAAAAACGCCACGTGTTTACGTGGCGTTTTGCTTTTATATCTgtaatcttaa
RDBECOLITMC00227,ggaactgccaGGCATCAAATTAGAAAAACCCCGGTCCATAAGGCCGGGGTTTTTTGCATATCAATtatttgcatg
RDBECOLITMC00228,tataggccgcATATCAGCTTAAAAAATGAACCATCGCCAACGGCGGTGGTTTTTTTGTGATCAATttcaaaataa
RDBECOLITMC00229,cgattaatctCACCCGCTAACACTTTCATAGCCTCGCTTTATGCGGGGCTTTGTTTTTTGTTACActgccgccag
RDBECOLITMC00230,atctattcatTATCTCAATCAGGCCGGGTTTGCTTTTATGCAGCCCGGCTTTTTTATGAAGAAATtatggagaaa
RDBECOLITMC00231,taaaacaccaGCAAACAGATAAAAAAGGGCCAGCCAATTGGCCAGCCCTTCTTAACAGGATGTCGcttaagcgaa
RDBECOLITMC00232,ttgctggtgcAACTCTGAAAGGAAAAGGCCGCTCAGAAAGCGGCCTTAACGATTACAGCATCGGCttaaggaagc
RDBECOLITMC00233,acaagcctacCGTCAGTAATATAAAACCGGCTGATAGCGTGCCTTTCAGCCGGTTTTTGCATCTGgcacgcagga
RDBECOLITMC00234,aaaaggattcGCGGCTCTGCTCTTCAGAGCTGCttttatgata
RDBECOLITMC00235,atttcatgttCGGGTGCCCCGTCGCTAAAAACTGGACGCCCGgcgtgagtca
RDBECOLITMC00236,ccctttacctGCCGGTATCCACGTTTGTGGGTACCGGCTTTTTTattcaccctc
RDBECOLITMC00237,gatttccgaaAAAAGCGCCGCACGGCGCTTTTtttgtgcctg
RDBECOLITMC00238,aaatggcgtcCAGCCCCGACAGGTGAATCGTCGGGGCTGattttttctt
RDBECOLITMC00239,gtaatgttacGCCCTCGTCATGAGGGCTTTATCTcatattgttc
RDBECOLITMC00240,ggctttatctCATATTGTTCAAATCACCAGCAAACACCGACATATTTGCAACTCAATATTCACAACAACCTTACACTGCGCCACTATTttcgctatgg
RDBECOLITMC00241,gtaatgttacGCCCTCGTCATGAGGGCTTTATCTcatattgttc
RDBECOLITMC00242,ggctttatctCATATTGTTCAAATCACCAGCAAACACCGACATATTTGCAACTCAATATTCACAACAACCTTACACTGCGCCACTATTttcgctatgg
RDBECOLITMC00243,ggctttatctCATATTGTTCAAATCACCAGCAAACACCGACATATTTGCAACTCAATATTCACAACAACCTTACACTGCGCCACTATTttcgctatgg
RDBECOLITMC00244,actgcgttaaGTTATACCGCCTCGGTCAGTTCCGGCTGAGGCGTTTCCACtccctccgca
RDBECOLITMC00245,acctgtaaaaAAGGCAGCCATCTGGCTGCCTTagtctcccca
RDBECOLITMC00246,tccggcaattAAAAAAGCGGCTAACCACGCCGCTTTTTTtacgtctgca
RDBECOLITMC00247,aagcgatacgAAATATTCggtctacggt
RDBECOLITMC00248,tcgcatcaggCAACCAGtgccggatgc
RDBECOLITMC00249,cctgtcctgaTCGTTTCCTGAACGAtaaattgtga
RDBECOLITMC00250,acgagccaatAAAAATACCGGCGTTATGCCGGTATTTTTttacgaaaga
RDBECOLITMC00251,gtaaaaatacAGGGCTGGAATCATCCGGCCCTtttttctgat
RDBECOLITMC00252,agaaattgagATTCATCCACTACTTGCATGGATGAGTaatgattaat
RDBECOLITMC00253,ccggctggacAATGTTACCGATAACAGTTACCCGTAACATTtttaattctt
RDBECOLITMC00254,tgatacacaaGGGTCGCATCTGCGGCCCttttgctttt
RDBECOLITMC00255,agtaagcgcgAATATGCCTGATGGTGCAACACCATCAGGCATATTaaattatgct
RDBECOLITMC00256,gaacttgtagGCCTGATAAGCGCAGCGTATCAGGCaatttttata
RDBECOLITMC00257,tagccgcatcCGGCATGAACAAAGCGCAGGAACAAGCGTCGCATCATGCCtctttgaccc
RDBECOLITMC00258,tccctgtcttCCCCCACATGCTGTGGGGGttttttttat
RDBECOLITMC00259,actgttattcGGCGCTCCACGGAGCGCctttttttct
RDBECOLITMC00260,gtaagcagaaAGTCAAAAGCCTCCGACCGGAGGCTTTTGACTattactcaac
RDBECOLITMC00261,tacgtaaaaaCCCGCTTCGGCGGGtttttacttt
RDBECOLITMC00262,tacgtaaaaaCCCGCTTCGGCGGGtttttgcttt
RDBECOLITMC00263,tacgtaaaaaCCCGCTTCGGCGGGtttttgcttt
RDBECOLITMC00264,gaaacgaaccGGGAGCGCTGTGAATACAGTGCTCCCtttttttatt
RDBECOLITMC00265,cagtgaaaaaTGGCGCCCATCGGCGCCAtttttttatg
RDBECOLITMC00266,ctaagcgggcAAAACCTGAAAAAAATTGCTTGATTCACGTCAGGCCGTTTTTTTCAGGTTTTtttttggagt
RDBECOLITMC00267,gttatgagtcAGGAAAAAAGGCGACAGAGTAATCTGTCGCCTTTTTTCTTtgcttgcttt
RDBECOLITMC00268,agtttgttcgCCCGGTAGTTGTGACGCTACCGGGttcttttcga
RDBECOLITMC00269,cagtaatgctGGCGCGCCCCCTCGCGCCtgaaaattac
RDBECOLITMC00270,cgcttgttttAACAGCAGTAGGGTCTGTTTTACTGCTGCTGTTtttagtcatg
RDBECOLITMC00271,aaggacaccaGAGCCTGCCAATGGCAGGCTCagactgatga
RDBECOLITMC00272,aaagtcaaaaTGCCCGATCGAGGATCGGGCAtttttgtagc
RDBECOLITMC00273,catcatttcgATATGTTCCGGCGTGGCATTAAGCGCCGGAATATATtcatattttt
RDBECOLITMC00274,ctatcctcttCCCGGTCCCCTATGCCGGGttttttttat
RDBECOLITMC00275,gatggctccgATGGATAACCAGCGCCGCTTaagtcaggaa
RDBECOLITMC00276,ttaaagcaccTTAATTATCGTCGCATTCAGAACAGTCTGGATGCGATGCGTTAAttctttcttt
RDBECOLITMC00277,attcgcaggcAAAACCTGACATAACCAGAGAATACTGGTGAAGTCGGGTTTTtttgtttata
RDBECOLITMC00278,ccgtttaacaCGTTCTGGATGAAATCCATATCGcgatagcgca
RDBECOLITMC00279,cagccactgcTCTGACCACAAGTAATTGTTCAGAttgataaaac
RDBECOLITMC00280,tgacatacaaCTCCCTTCAAACTCCCCCCGACAATAAGAaaatcacgta
RDBECOLITMC00281,gggaagaggaTAGTCTGCCGTCTCCAGACTAataaaccgtt
RDBECOLITMC00282,ctcctttctgATGCCCGGTAAGCATGTGGTTACCGGGCATttttgcgtac
RDBECOLITMC00283,acaattttcgAAAAAACCCGCTTCGGCGGGTTTTTTTatagctaaaa
RDBECOLITMC00284,aatgatctgaCGGGGGAACCTCCCCCGttaaaaaaat
RDBECOLITMC00285,acatttaataAAAAAAGGGCGGTCGCAAGATCGCCCTTTTTTacgtatgaca
RDBECOLITMC00286,ataacagaaaACTCCCCCGCGAGAAGCGGGGGAGTcgctggttaa
RDBECOLITMC00287,cagattgctgACAACGTGCGCGTTGTtcatgccgga
RDBECOLITMC00288,cttccttttaTATCGGGAGGTAACTCTCCCGATAatcttttaaa
RDBECOLITMC00289,gaggtgatttAAATTCATCCCCGGCGGCAAGCCGGGGAGATTTcattacggca
RDBECOLITMC00290,cgattgagccTTCCAGTCCTTCGGGACTGGAAtttttttgtt
RDBECOLITMC00291,atgctttagtAAGGGCGCGACGTTTGCGCCCTTtgtaggccgg
RDBECOLITMC00292,atgctaaattGCCCGATGCGCTGCGCTTATCGGGCcttcatggtt
RDBECOLITMC00293,cacaatgatgCCCGGTTGCTTTTCACAACCGGGCAtttttttaac
RDBECOLITMC00294,caacaatgacAAGCGGTGGAGATCTTCTCTGCCGCTTtttttttcat
RDBECOLITMC00295,aaacacgtagGCCTGATAAGCGAAGCGCATCAGGCagttttgcgt
RDBECOLITMC00296,caaacaatccAAAACGCCGCGTTCAGCGGCGTTTTttctgctttt
RDBECOLITMC00297,gtgtaagtttAGCCGGATAACGCGCCAGATCCGGCTtacatctctg
RDBECOLITMC00298,aaaaaatcacAGGGCAGGGAAACCTGCCCTtgtttcagcg
RDBECOLITMC00299,tggcaatatgCCTGATGCGACGCTGTTCGCGTCTTACCAGGactaccagag
RDBECOLITMC00300,cgaaccgtagGTCGGATAAGGCGCTCGCGCCGCATCCGACaaatgtgttc
RDBECOLITMC00301,ctgagtgaacTCCCATGAGCATAGATAACTATGTGAATGGGAtgagcgaagg
RDBECOLITMC00302,taatcattctTAGCGTGACCGGGAAGTCGGTCACGCTAcctcttctga
RDBECOLITMC00303,caaccatccgAAACCGCTCTCATCCATTCGATGAGAGCGGTTTttttaattac
RDBECOLITMC00304,tcttataatgAAGACGGACAACCCACTAAGTTGTCCGTCTTttttatttca
RDBECOLITMC00305,cagcaatctgAAGCCGCACATGCGGCTTttttattgct
RDBECOLITMC00306,tgatgtaagtAAAAGAGCCGGCCCAACGGCCGGCTTTTTTctggtaatct
RDBECOLITMC00307,gttataagacAAGGGAGCGATAATTCATCGCTCCCTTtttcgtgctt
RDBECOLITMC00308,acggcttcccACGTCAGACCAAAACGCGCCAGGTATTTGCGTAGCCGATCCGCGTCATTGACGCTGGCTTTGCCCTGGCGCGAAACGTcaaaaagctg
RDBECOLITMC00309,gggtaaaaaaATGCCTGACTGCTTTGTGCGATCAGGCATtctcgaatta
RDBECOLITMC00310,gtcagtttcaCCTGTTTTACGTAAAAACCCGCTTCGGCGGGTTTttacttttgg
RDBECOLITMC00311,agttttaacgAAGGGGTGGTTTCACCCCTTttgtctttct
RDBECOLITMC00312,ctaagcgttgTCCCCAGTGGGGAtgtgacgaag
RDBECOLITMC00313,gaagttcaagGGCGCATCTACTGATGTGCCttttttattt
RDBECOLITMC00314,tgcctcaattAGCGGCTCATGTAGCCGCTttttctgcgc
RDBECOLITMC00315,gcgcgggtagGCCTGATAAGCGAAGCGCTATCAGGCAtttttcccta
RDBECOLITMC00316,atctcctttcACGGCCCATTCCTCATGGATGGGCCGTttatttcccc
RDBECOLITMC00317,caagcactgcAAAAAACAGCCGGACGGTTTTCACCTCCGGCTATTTTTTtaattgtgat
RDBECOLITMC00318,ttccgctgaaGGCGTAATTGTTTAAATAACATTACGCCgcctggcctt
RDBECOLITMC00319,aagaacgagtAAAAGGTCGGTTTAACCGGCCTTTTtattttgtga
RDBECOLITMC00320,gttatcggtgCAGAGCCCGGGCGAACCGGGCTTTGttttgggtgt
RDBECOLITMC00321,gctgttcagaTCACTGGTGCGCGCGGAGTCGCCGCCAGTGAgcaaacgctg
RDBECOLITMC00322,ggtattcattGCCTGATGCGACGCTTACGCGTCTTATCATGCCTACgggaacctga
RDBECOLITMC00323,tgcgttatttTCGGCACCTTTTATGTAGCGAAGGTGCCGGaatatattct
RDBECOLITMC00324,aacgagaaaaGCCAACCTGCGGGTTGGCTtttttatgca
RDBECOLITMC00325,gcataatgacAAAAAAGGGCGCTTTCACTAGCGCCTTTTTTatttacgcgt
RDBECOLITMC00326,tgtagttgtaAGGCCGTGCTTCCGAAAGGAATGCGCGGCTTattttcgttt
RDBECOLITMC00327,ttactgaggaTGAAGAAACCACATGGTCACTGCCTGGTGCCGTGGTCGGTTTTATCTCCTGgttatttgcg
RDBECOLITMC00328,aagatgaacaAAACTAAAGCGCCACAAGGGCGCTTTAGTTTgttttccggt
RDBECOLITMC00329,cgaataatccGATTACGGCTACGCTTCTAATGTTCCCCTTGAATGGAGTCGAAGAATGCGTAATCccacgctgtt
RDBECOLITMC00330,acgcgtacaaCCGCGTGGGGAGACGACGCGGatttttaact
RDBECOLITMC00331,ttaacccctaCCCCACGCGTACAACCGCGTGGGGagacgacgcg
RDBECOLITMC00332,tgctcgtaccAGGCCCCTGCAATTTCAACAGGGGCCTttttttatcc
RDBECOLITMC00333,ggctcaaagaCCCGCTGCGGCGGGTttttttgtct
RDBECOLITMC00334,ccgacgtaaaAAGACGGTAAGTATCGCTTTCAGTCTTatgaatatcg
RDBECOLITMC00335,ctgattatgaAAATGCCGGGATTTATTCCCGGCATTTctgattgtta
RDBECOLITMC00336,agtcagaaagCCGCCGACATGCTCGGCGGtttttctgaa
RDBECOLITMC00337,aactccgctgTTGCCCTGTTTCAGGGCAAttttgcaacc
RDBECOLITMC00338,cgtgttcctgAACGCCCGCATATGCGGGCGTTttgctttttg
RDBECOLITMC00339,aacagtaactTTTCCGGCTTCCCGTTCGTCAGTACCTCGGGAAGCCGCCAAccaggataaa
RDBECOLITMC00340,cagccctaatCAGCGTTGCAGGATAAAGCACCGCTCactcttcaac
RDBECOLITMC00341,atgaccttttGCACCGCTTTGCGGTGCTttcctggaag
RDBECOLITMC00342,agttaaccaaAAAGGGGGGATTTTATCTCCCCTTTaatttttcct
RDBECOLITMC00343,atttgtaccgAAAACCCCGGGGCGTGCTCCGGGGTTTTttcttatcaa
RDBECOLITMC00344,aagcagagaaCCCTGGATGAGAGTCCGGGGTttttgttttt
RDBECOLITMC00345,cattgtttgaTGGGGCTGAAAGGCCCCAtttttattgg
RDBECOLITMC00346,ttcctgatgtAATGCCGGATGACCTTCGTGTCATCCGGCATTtttcttttca
RDBECOLITMC00347,agtaaatactAAAAAGCGCGTCCTGATCGACGCGCTTTttttatgccc
RDBECOLITMC00348,gtaacaacggAAACCGGCCATTGCGCCGGTTTtttttggcct
RDBECOLITMC00349,ggcagcatgcTGCCAGGTGATCCCCCTGGCcacctctttt
RDBECOLITMC00350,tgtaattagaTTTGACTGAAATCGTACAGTAAAAAGCGTACAATAAAGGCTCCACGAAAGTGGGGCCTTTtttagcgcga
RDBECOLITMC00351,aaataaaaaaGGCACGTCAGATGACGTGCCTtttttcttgt
RDBECOLITMC00352,tcaaacgaaaCCAGGCTATACTCAAGCCTGGTtttttgatgg
RDBECOLITMC00353,aatgtaaatcCGGCCCGCCTATGGCGGGCCGTtttgtatgga
RDBECOLITMC00354,aagcacaaaaGCCAGTCTGGAAACAGGCTGGCTtttttttgcg
RDBECOLITMC00355,aataaatggaTGCCCTGCGTAAGCGGGGCATttttcttcct
RDBECOLITMC00356,ctctgcacaaACGCCACCTTTTCGGTGGCGttttttatcg
RDBECOLITMC00357,taagaaaagcGAGAGTTACAGCTCTCActtatttgtt
RDBECOLITMC00358,gctccgccgtCACGGTTGCAGGAAAGCTAAGGGACTTAGCCTGCGGCGGTTTTGTttggcttcag
RDBECOLITMC00359,aattccatcgGGTCCGAATTTTCGGACCttttctccgc
RDBECOLITMC00360,taacgtaaaaACCCGCTTCGGCGGGtttttttatg
RDBECOLITMC00361,cgtaaaaaaaCCCGCCCCGGCGGGTttttttatac
RDBECOLITMC00362,taacaaaaaaCCTCGCTCCGGCGGGGTtttttgttat
RDBECOLITMC00363,gttgccatttGCCCTCCGCTGCGGCGGGGGGCTtttaaccggg
RDBECOLITMC00364,tacgaataaaCGGCTCAGAAATGAGCCGTttattttttc
RDBECOLITMC00365,tgccttgtgaAGCCGGAGCGGGAGACTGCTCCGGCtttttagtat
RDBECOLITMC00366,taaggttgaaAAATAAAAACGGCGCTAAAAAGCGCCGTTTTTTTTgacggtggta
RDBECOLITMC00367,aaaaggattcGCGGCTCTGCTCTTCAGAGCTGCttttatgata
RDBECOLITMC00368,gttattaaatAGCCTGCCATCTGGCAGGCTttttttatcg
RDBECOLITMC00369,atgcaggaaaGCAGGCTGGAGCTACCCAGCCTGCagtgaaatta
RDBECOLITMC00370,tgaaaacgaaGGCCGGAGCATGCTCCGGCCTTTTTTatctcttaca
RDBECOLITMC00371,ctgcccttttCCCTGCTCCTGGACGGttttacccct
